site_id,date,metric,observed,expected,residual,score,anomaly_type,rule_triggered,explanation
S1,2025-01-24,units_produced,0,1308.0,-1308.0,-14.582378733808042,downtime,score_and_low_power_or_zero_units,Score=-14.58; power=0; expected=1308.0
S1,2025-02-03,units_produced,0,1087.0,-1087.0,-9.710880205974291,downtime,score_and_low_power_or_zero_units,Score=-9.71; power=0; expected=1087.0
S1,2025-02-19,units_produced,0,1260.0,-1260.0,-11.56269873388449,downtime,score_and_low_power_or_zero_units,Score=-11.56; power=0; expected=1260.0
S1,2025-03-14,units_produced,0,1177.0,-1177.0,-8.72390795498849,downtime,score_and_low_power_or_zero_units,Score=-8.72; power=0; expected=1177.0
S1,2025-03-30,units_produced,0,1291.0,-1291.0,-10.816988453220924,downtime,score_and_low_power_or_zero_units,Score=-10.82; power=0; expected=1291.0
S1,2025-03-31,units_produced,0,1281.0,-1281.0,-10.733200781236254,downtime,score_and_low_power_or_zero_units,Score=-10.73; power=0; expected=1281.0
S1,2025-04-11,units_produced,0,1129.0,-1129.0,-11.625955228230168,downtime,score_and_low_power_or_zero_units,Score=-11.63; power=0; expected=1129.0
S1,2025-04-22,units_produced,0,1173.0,-1173.0,-12.079048257496888,downtime,score_and_low_power_or_zero_units,Score=-12.08; power=0; expected=1173.0
S1,2025-04-28,units_produced,0,1220.0,-1220.0,-13.601301265478448,downtime,score_and_low_power_or_zero_units,Score=-13.60; power=0; expected=1220.0
S1,2025-05-04,units_produced,0,1215.0,-1215.0,-14.504535801133862,downtime,score_and_low_power_or_zero_units,Score=-14.50; power=0; expected=1215.0
S1,2025-05-20,units_produced,0,1158.0,-1158.0,-13.583657382154735,downtime,score_and_low_power_or_zero_units,Score=-13.58; power=0; expected=1158.0
S1,2025-06-02,units_produced,0,1251.0,-1251.0,-10.817794103913085,downtime,score_and_low_power_or_zero_units,Score=-10.82; power=0; expected=1251.0
S1,2025-06-03,units_produced,0,1043.0,-1043.0,-8.685109409062825,downtime,score_and_low_power_or_zero_units,Score=-8.69; power=0; expected=1043.0
S1,2025-06-07,units_produced,0,1043.0,-1043.0,-7.730701781693284,downtime,score_and_low_power_or_zero_units,Score=-7.73; power=0; expected=1043.0
S1,2025-07-16,units_produced,0,1144.0,-1144.0,-9.705879608065722,downtime,score_and_low_power_or_zero_units,Score=-9.71; power=0; expected=1144.0
S1,2025-08-15,units_produced,0,1201.0,-1201.0,-10.873334256797191,downtime,score_and_low_power_or_zero_units,Score=-10.87; power=0; expected=1201.0
S1,2025-08-26,units_produced,0,1305.0,-1305.0,-12.057677275574749,downtime,score_and_low_power_or_zero_units,Score=-12.06; power=0; expected=1305.0
S1,2025-08-27,units_produced,0,1252.0,-1252.0,-11.567978504995851,downtime,score_and_low_power_or_zero_units,Score=-11.57; power=0; expected=1252.0
S1,2025-09-01,units_produced,0,1069.0,-1069.0,-8.7930563643961,downtime,score_and_low_power_or_zero_units,Score=-8.79; power=0; expected=1069.0
S1,2025-10-08,units_produced,0,1300.0,-1300.0,-9.797072484017583,downtime,score_and_low_power_or_zero_units,Score=-9.80; power=0; expected=1300.0
S1,2025-10-26,units_produced,0,1342.0,-1342.0,-12.839242542093487,downtime,score_and_low_power_or_zero_units,Score=-12.84; power=0; expected=1342.0
S1,2025-11-09,units_produced,0,1331.0,-1331.0,-12.734002849125506,downtime,score_and_low_power_or_zero_units,Score=-12.73; power=0; expected=1331.0
S1,2025-11-21,units_produced,0,1315.0,-1315.0,-13.645466903257272,downtime,score_and_low_power_or_zero_units,Score=-13.65; power=0; expected=1315.0
S1,2025-12-02,units_produced,0,1242.0,-1242.0,-12.31937534220487,downtime,score_and_low_power_or_zero_units,Score=-12.32; power=0; expected=1242.0
S1,2025-12-07,units_produced,0,1288.0,-1288.0,-12.775648503027274,downtime,score_and_low_power_or_zero_units,Score=-12.78; power=0; expected=1288.0
S2,2025-01-24,units_produced,0,1400.0,-1400.0,-9.280462538252907,downtime,score_and_low_power_or_zero_units,Score=-9.28; power=0; expected=1400.0
S2,2025-02-03,units_produced,0,1327.0,-1327.0,-8.79655270590115,downtime,score_and_low_power_or_zero_units,Score=-8.80; power=0; expected=1327.0
S2,2025-02-19,units_produced,0,1503.0,-1503.0,-9.9632394249958,downtime,score_and_low_power_or_zero_units,Score=-9.96; power=0; expected=1503.0
S2,2025-03-14,units_produced,0,1541.0,-1541.0,-10.091167576246924,downtime,score_and_low_power_or_zero_units,Score=-10.09; power=0; expected=1541.0
S2,2025-03-30,units_produced,0,1499.0,-1499.0,-11.621398258108233,downtime,score_and_low_power_or_zero_units,Score=-11.62; power=0; expected=1499.0
S2,2025-03-31,units_produced,0,1499.0,-1499.0,-10.813493566368088,downtime,score_and_low_power_or_zero_units,Score=-10.81; power=0; expected=1499.0
S2,2025-04-11,units_produced,0,1463.0,-1463.0,-11.817724324721663,downtime,score_and_low_power_or_zero_units,Score=-11.82; power=0; expected=1463.0
S2,2025-04-22,units_produced,0,1370.0,-1370.0,-10.621291269918798,downtime,score_and_low_power_or_zero_units,Score=-10.62; power=0; expected=1370.0
S2,2025-04-28,units_produced,0,1406.0,-1406.0,-10.307978345914053,downtime,score_and_low_power_or_zero_units,Score=-10.31; power=0; expected=1406.0
S2,2025-05-04,units_produced,0,1427.0,-1427.0,-10.078516374587448,downtime,score_and_low_power_or_zero_units,Score=-10.08; power=0; expected=1427.0
S2,2025-05-20,units_produced,0,1473.0,-1473.0,-10.403401976010729,downtime,score_and_low_power_or_zero_units,Score=-10.40; power=0; expected=1473.0
S2,2025-06-02,units_produced,0,1421.0,-1421.0,-9.730470753464383,downtime,score_and_low_power_or_zero_units,Score=-9.73; power=0; expected=1421.0
S2,2025-06-03,units_produced,0,1393.0,-1393.0,-8.50285636154658,downtime,score_and_low_power_or_zero_units,Score=-8.50; power=0; expected=1393.0
S2,2025-06-07,units_produced,0,1241.0,-1241.0,-7.786446814050741,downtime,score_and_low_power_or_zero_units,Score=-7.79; power=0; expected=1241.0
S2,2025-07-16,units_produced,0,1447.0,-1447.0,-10.966158752389136,downtime,score_and_low_power_or_zero_units,Score=-10.97; power=0; expected=1447.0
S2,2025-08-15,units_produced,0,1556.0,-1556.0,-16.792121947929314,downtime,score_and_low_power_or_zero_units,Score=-16.79; power=0; expected=1556.0
S2,2025-08-26,units_produced,0,1442.0,-1442.0,-19.648801518489904,downtime,score_and_low_power_or_zero_units,Score=-19.65; power=0; expected=1442.0
S2,2025-08-27,units_produced,0,1363.0,-1363.0,-18.572341518517156,downtime,score_and_low_power_or_zero_units,Score=-18.57; power=0; expected=1363.0
S2,2025-09-01,units_produced,0,1353.0,-1353.0,-16.44299094724024,downtime,score_and_low_power_or_zero_units,Score=-16.44; power=0; expected=1353.0
S2,2025-10-08,units_produced,0,1517.0,-1517.0,-13.288343923714221,downtime,score_and_low_power_or_zero_units,Score=-13.29; power=0; expected=1517.0
S2,2025-10-26,units_produced,0,1479.0,-1479.0,-15.709792649856444,downtime,score_and_low_power_or_zero_units,Score=-15.71; power=0; expected=1479.0
S2,2025-11-09,units_produced,0,1469.0,-1469.0,-17.083222856398592,downtime,score_and_low_power_or_zero_units,Score=-17.08; power=0; expected=1469.0
S2,2025-11-21,units_produced,0,1469.0,-1469.0,-18.180310562772814,downtime,score_and_low_power_or_zero_units,Score=-18.18; power=0; expected=1469.0
S2,2025-12-02,units_produced,0,1566.0,-1566.0,-14.177886299870444,downtime,score_and_low_power_or_zero_units,Score=-14.18; power=0; expected=1566.0
S2,2025-12-07,units_produced,0,1621.0,-1621.0,-16.318649568829265,downtime,score_and_low_power_or_zero_units,Score=-16.32; power=0; expected=1621.0
S3,2025-01-24,units_produced,0,982.0,-982.0,-15.584704136612153,downtime,score_and_low_power_or_zero_units,Score=-15.58; power=0; expected=982.0
S3,2025-02-03,units_produced,0,914.0,-914.0,-9.09940301345547,downtime,score_and_low_power_or_zero_units,Score=-9.10; power=0; expected=914.0
S3,2025-02-19,units_produced,0,1062.0,-1062.0,-10.232988379487773,downtime,score_and_low_power_or_zero_units,Score=-10.23; power=0; expected=1062.0
S3,2025-03-14,units_produced,0,1114.0,-1114.0,-10.88960443560764,downtime,score_and_low_power_or_zero_units,Score=-10.89; power=0; expected=1114.0
S3,2025-03-30,units_produced,0,1200.0,-1200.0,-11.480693778325024,downtime,score_and_low_power_or_zero_units,Score=-11.48; power=0; expected=1200.0
S3,2025-03-31,units_produced,0,1200.0,-1200.0,-10.864280689555896,downtime,score_and_low_power_or_zero_units,Score=-10.86; power=0; expected=1200.0
S3,2025-04-11,units_produced,0,1107.0,-1107.0,-10.666589582008442,downtime,score_and_low_power_or_zero_units,Score=-10.67; power=0; expected=1107.0
S3,2025-04-22,units_produced,0,1037.0,-1037.0,-8.228787265614462,downtime,score_and_low_power_or_zero_units,Score=-8.23; power=0; expected=1037.0
S3,2025-04-28,units_produced,0,947.0,-947.0,-7.934692536948269,downtime,score_and_low_power_or_zero_units,Score=-7.93; power=0; expected=947.0
S3,2025-05-04,units_produced,0,1061.0,-1061.0,-8.040839278704128,downtime,score_and_low_power_or_zero_units,Score=-8.04; power=0; expected=1061.0
S3,2025-05-20,units_produced,0,984.0,-984.0,-8.908710165435835,downtime,score_and_low_power_or_zero_units,Score=-8.91; power=0; expected=984.0
S3,2025-06-02,units_produced,0,1136.0,-1136.0,-10.424782350549826,downtime,score_and_low_power_or_zero_units,Score=-10.42; power=0; expected=1136.0
S3,2025-06-03,units_produced,0,1126.0,-1126.0,-10.3330149002809,downtime,score_and_low_power_or_zero_units,Score=-10.33; power=0; expected=1126.0
S3,2025-06-07,units_produced,0,1021.0,-1021.0,-8.007617039832601,downtime,score_and_low_power_or_zero_units,Score=-8.01; power=0; expected=1021.0
S3,2025-07-16,units_produced,0,1061.0,-1061.0,-12.027473879070042,downtime,score_and_low_power_or_zero_units,Score=-12.03; power=0; expected=1061.0
S3,2025-08-15,units_produced,0,1089.0,-1089.0,-15.967835588478527,downtime,score_and_low_power_or_zero_units,Score=-15.97; power=0; expected=1089.0
S3,2025-08-26,units_produced,0,1045.0,-1045.0,-14.23924936672812,downtime,score_and_low_power_or_zero_units,Score=-14.24; power=0; expected=1045.0
S3,2025-08-27,units_produced,0,1045.0,-1045.0,-12.815324430055309,downtime,score_and_low_power_or_zero_units,Score=-12.82; power=0; expected=1045.0
S3,2025-09-01,units_produced,0,1005.0,-1005.0,-12.324785695890514,downtime,score_and_low_power_or_zero_units,Score=-12.32; power=0; expected=1005.0
S3,2025-10-08,units_produced,0,1012.0,-1012.0,-11.76870083776404,downtime,score_and_low_power_or_zero_units,Score=-11.77; power=0; expected=1012.0
S3,2025-10-26,units_produced,0,1134.0,-1134.0,-10.477705770499437,downtime,score_and_low_power_or_zero_units,Score=-10.48; power=0; expected=1134.0
S3,2025-11-09,units_produced,0,1150.0,-1150.0,-10.625539361617596,downtime,score_and_low_power_or_zero_units,Score=-10.63; power=0; expected=1150.0
S3,2025-11-21,units_produced,0,1066.0,-1066.0,-9.849413008247266,downtime,score_and_low_power_or_zero_units,Score=-9.85; power=0; expected=1066.0
S3,2025-12-02,units_produced,0,1013.0,-1013.0,-8.134037373211797,downtime,score_and_low_power_or_zero_units,Score=-8.13; power=0; expected=1013.0
S3,2025-12-07,units_produced,0,1034.0,-1034.0,-7.970553660557708,downtime,score_and_low_power_or_zero_units,Score=-7.97; power=0; expected=1034.0
S4,2025-01-24,units_produced,0,1226.0,-1226.0,-7.483490236364759,downtime,score_and_low_power_or_zero_units,Score=-7.48; power=0; expected=1226.0
S4,2025-02-03,units_produced,0,1317.0,-1317.0,-11.315978729053196,downtime,score_and_low_power_or_zero_units,Score=-11.32; power=0; expected=1317.0
S4,2025-02-19,units_produced,0,1438.0,-1438.0,-12.932236161697919,downtime,score_and_low_power_or_zero_units,Score=-12.93; power=0; expected=1438.0
S4,2025-03-14,units_produced,0,1354.0,-1354.0,-12.862823779314224,downtime,score_and_low_power_or_zero_units,Score=-12.86; power=0; expected=1354.0
S4,2025-03-30,units_produced,0,1462.0,-1462.0,-14.608970227478256,downtime,score_and_low_power_or_zero_units,Score=-14.61; power=0; expected=1462.0
S4,2025-03-31,units_produced,0,1450.0,-1450.0,-14.17408117740671,downtime,score_and_low_power_or_zero_units,Score=-14.17; power=0; expected=1450.0
S4,2025-04-11,units_produced,0,1370.0,-1370.0,-13.10712539692107,downtime,score_and_low_power_or_zero_units,Score=-13.11; power=0; expected=1370.0
S4,2025-04-22,units_produced,0,1298.0,-1298.0,-12.68824646087856,downtime,score_and_low_power_or_zero_units,Score=-12.69; power=0; expected=1298.0
S4,2025-04-28,units_produced,0,1276.0,-1276.0,-12.473191436117906,downtime,score_and_low_power_or_zero_units,Score=-12.47; power=0; expected=1276.0
S4,2025-05-04,units_produced,0,1405.0,-1405.0,-13.44197896545555,downtime,score_and_low_power_or_zero_units,Score=-13.44; power=0; expected=1405.0
S4,2025-05-20,units_produced,0,1378.0,-1378.0,-14.636980575728318,downtime,score_and_low_power_or_zero_units,Score=-14.64; power=0; expected=1378.0
S4,2025-06-02,units_produced,0,1315.0,-1315.0,-14.782589145195379,downtime,score_and_low_power_or_zero_units,Score=-14.78; power=0; expected=1315.0
S4,2025-06-03,units_produced,0,1288.0,-1288.0,-12.96632982396798,downtime,score_and_low_power_or_zero_units,Score=-12.97; power=0; expected=1288.0
S4,2025-06-07,units_produced,0,1167.0,-1167.0,-11.490959362177907,downtime,score_and_low_power_or_zero_units,Score=-11.49; power=0; expected=1167.0
S4,2025-07-16,units_produced,0,1317.0,-1317.0,-9.301616023357862,downtime,score_and_low_power_or_zero_units,Score=-9.30; power=0; expected=1317.0
S4,2025-08-15,units_produced,0,1242.0,-1242.0,-10.216067356950381,downtime,score_and_low_power_or_zero_units,Score=-10.22; power=0; expected=1242.0
S4,2025-08-26,units_produced,0,1311.0,-1311.0,-11.053217320922704,downtime,score_and_low_power_or_zero_units,Score=-11.05; power=0; expected=1311.0
S4,2025-08-27,units_produced,0,1289.0,-1289.0,-9.879756692787856,downtime,score_and_low_power_or_zero_units,Score=-9.88; power=0; expected=1289.0
S4,2025-09-01,units_produced,0,1209.0,-1209.0,-8.40679719801241,downtime,score_and_low_power_or_zero_units,Score=-8.41; power=0; expected=1209.0
S4,2025-10-08,units_produced,0,1472.0,-1472.0,-10.45105682052156,downtime,score_and_low_power_or_zero_units,Score=-10.45; power=0; expected=1472.0
S4,2025-10-26,units_produced,0,1373.0,-1373.0,-11.293607472699575,downtime,score_and_low_power_or_zero_units,Score=-11.29; power=0; expected=1373.0
S4,2025-11-09,units_produced,0,1405.0,-1405.0,-11.920245497668128,downtime,score_and_low_power_or_zero_units,Score=-11.92; power=0; expected=1405.0
S4,2025-11-21,units_produced,0,1347.0,-1347.0,-12.361075551224133,downtime,score_and_low_power_or_zero_units,Score=-12.36; power=0; expected=1347.0
S4,2025-12-02,units_produced,0,1392.0,-1392.0,-14.78568719986489,downtime,score_and_low_power_or_zero_units,Score=-14.79; power=0; expected=1392.0
S4,2025-12-07,units_produced,0,1270.0,-1270.0,-13.489815189531903,downtime,score_and_low_power_or_zero_units,Score=-13.49; power=0; expected=1270.0
S1,2025-01-24,power_kwh,0,4583.0,-4583.0,-11.53429533836282,downtime,score_and_low_power_or_zero_units,Score=-11.53; power=0; expected=4583.0
S1,2025-02-03,power_kwh,0,3687.0,-3687.0,-7.99629398774986,downtime,score_and_low_power_or_zero_units,Score=-8.00; power=0; expected=3687.0
S1,2025-02-19,power_kwh,0,4503.0,-4503.0,-10.365979146495249,downtime,score_and_low_power_or_zero_units,Score=-10.37; power=0; expected=4503.0
S1,2025-03-14,power_kwh,0,4197.0,-4197.0,-9.661562175847338,downtime,score_and_low_power_or_zero_units,Score=-9.66; power=0; expected=4197.0
S1,2025-03-30,power_kwh,0,4302.0,-4302.0,-10.289571798823804,downtime,score_and_low_power_or_zero_units,Score=-10.29; power=0; expected=4302.0
S1,2025-03-31,power_kwh,0,4259.0,-4259.0,-9.543708121630628,downtime,score_and_low_power_or_zero_units,Score=-9.54; power=0; expected=4259.0
S1,2025-04-11,power_kwh,0,3962.0,-3962.0,-13.164198960819064,downtime,score_and_low_power_or_zero_units,Score=-13.16; power=0; expected=3962.0
S1,2025-04-22,power_kwh,0,4374.0,-4374.0,-10.461782205498679,downtime,score_and_low_power_or_zero_units,Score=-10.46; power=0; expected=4374.0
S1,2025-04-28,power_kwh,0,4066.0,-4066.0,-9.111227335653941,downtime,score_and_low_power_or_zero_units,Score=-9.11; power=0; expected=4066.0
S1,2025-05-04,power_kwh,0,3943.0,-3943.0,-9.430911576653244,downtime,score_and_low_power_or_zero_units,Score=-9.43; power=0; expected=3943.0
S1,2025-05-20,power_kwh,0,3973.0,-3973.0,-10.286955038005807,downtime,score_and_low_power_or_zero_units,Score=-10.29; power=0; expected=3973.0
S1,2025-06-02,power_kwh,0,4451.0,-4451.0,-9.70002704500913,downtime,score_and_low_power_or_zero_units,Score=-9.70; power=0; expected=4451.0
S1,2025-06-03,power_kwh,0,3690.0,-3690.0,-7.235089832757664,downtime,score_and_low_power_or_zero_units,Score=-7.24; power=0; expected=3690.0
S1,2025-06-07,power_kwh,0,3690.0,-3690.0,-6.245598249607619,downtime,score_and_low_power_or_zero_units,Score=-6.25; power=0; expected=3690.0
S1,2025-07-16,power_kwh,0,4227.0,-4227.0,-11.684723116014624,downtime,score_and_low_power_or_zero_units,Score=-11.68; power=0; expected=4227.0
S1,2025-08-15,power_kwh,0,4258.0,-4258.0,-12.195251184082133,downtime,score_and_low_power_or_zero_units,Score=-12.20; power=0; expected=4258.0
S1,2025-08-26,power_kwh,0,4776.0,-4776.0,-11.975345231450627,downtime,score_and_low_power_or_zero_units,Score=-11.98; power=0; expected=4776.0
S1,2025-08-27,power_kwh,0,4509.0,-4509.0,-10.397534476854592,downtime,score_and_low_power_or_zero_units,Score=-10.40; power=0; expected=4509.0
S1,2025-09-01,power_kwh,0,4031.0,-4031.0,-9.263619255366798,downtime,score_and_low_power_or_zero_units,Score=-9.26; power=0; expected=4031.0
S1,2025-10-08,power_kwh,0,4521.0,-4521.0,-9.916659263719307,downtime,score_and_low_power_or_zero_units,Score=-9.92; power=0; expected=4521.0
S1,2025-10-26,power_kwh,0,4598.0,-4598.0,-13.814291813244477,downtime,score_and_low_power_or_zero_units,Score=-13.81; power=0; expected=4598.0
S1,2025-11-09,power_kwh,0,4520.0,-4520.0,-12.367944149428846,downtime,score_and_low_power_or_zero_units,Score=-12.37; power=0; expected=4520.0
S1,2025-11-21,power_kwh,0,4435.0,-4435.0,-14.347081622439807,downtime,score_and_low_power_or_zero_units,Score=-14.35; power=0; expected=4435.0
S1,2025-12-02,power_kwh,0,4261.0,-4261.0,-11.925332473567519,downtime,score_and_low_power_or_zero_units,Score=-11.93; power=0; expected=4261.0
S1,2025-12-07,power_kwh,0,4191.0,-4191.0,-10.508515884633496,downtime,score_and_low_power_or_zero_units,Score=-10.51; power=0; expected=4191.0
S2,2025-01-24,power_kwh,0,4711.0,-4711.0,-10.233577996438777,downtime,score_and_low_power_or_zero_units,Score=-10.23; power=0; expected=4711.0
S2,2025-02-03,power_kwh,0,4289.0,-4289.0,-8.597001091813127,downtime,score_and_low_power_or_zero_units,Score=-8.60; power=0; expected=4289.0
S2,2025-02-19,power_kwh,0,5218.0,-5218.0,-10.01278174380903,downtime,score_and_low_power_or_zero_units,Score=-10.01; power=0; expected=5218.0
S2,2025-03-14,power_kwh,0,5132.0,-5132.0,-9.406213526179041,downtime,score_and_low_power_or_zero_units,Score=-9.41; power=0; expected=5132.0
S2,2025-03-30,power_kwh,0,4867.0,-4867.0,-9.10609299964657,downtime,score_and_low_power_or_zero_units,Score=-9.11; power=0; expected=4867.0
S2,2025-03-31,power_kwh,0,4867.0,-4867.0,-8.920506865142906,downtime,score_and_low_power_or_zero_units,Score=-8.92; power=0; expected=4867.0
S2,2025-04-11,power_kwh,0,4835.0,-4835.0,-10.143585760713338,downtime,score_and_low_power_or_zero_units,Score=-10.14; power=0; expected=4835.0
S2,2025-04-22,power_kwh,0,4339.0,-4339.0,-7.846153901793423,downtime,score_and_low_power_or_zero_units,Score=-7.85; power=0; expected=4339.0
S2,2025-04-28,power_kwh,0,4790.0,-4790.0,-8.348348159929952,downtime,score_and_low_power_or_zero_units,Score=-8.35; power=0; expected=4790.0
S2,2025-05-04,power_kwh,0,4633.0,-4633.0,-8.074717541744356,downtime,score_and_low_power_or_zero_units,Score=-8.07; power=0; expected=4633.0
S2,2025-05-20,power_kwh,0,4891.0,-4891.0,-8.007122098543755,downtime,score_and_low_power_or_zero_units,Score=-8.01; power=0; expected=4891.0
S2,2025-06-02,power_kwh,0,4754.0,-4754.0,-7.782837549882848,downtime,score_and_low_power_or_zero_units,Score=-7.78; power=0; expected=4754.0
S2,2025-06-03,power_kwh,0,4632.0,-4632.0,-7.537373215670902,downtime,score_and_low_power_or_zero_units,Score=-7.54; power=0; expected=4632.0
S2,2025-06-07,power_kwh,0,4050.0,-4050.0,-6.590319845308107,downtime,score_and_low_power_or_zero_units,Score=-6.59; power=0; expected=4050.0
S2,2025-07-16,power_kwh,0,4897.0,-4897.0,-8.155509257177497,downtime,score_and_low_power_or_zero_units,Score=-8.16; power=0; expected=4897.0
S2,2025-08-15,power_kwh,0,5153.0,-5153.0,-11.624250446765535,downtime,score_and_low_power_or_zero_units,Score=-11.62; power=0; expected=5153.0
S2,2025-08-26,power_kwh,0,4880.0,-4880.0,-11.734455993746113,downtime,score_and_low_power_or_zero_units,Score=-11.73; power=0; expected=4880.0
S2,2025-08-27,power_kwh,0,4461.0,-4461.0,-10.72692790739783,downtime,score_and_low_power_or_zero_units,Score=-10.73; power=0; expected=4461.0
S2,2025-09-01,power_kwh,0,4510.0,-4510.0,-10.173756940600148,downtime,score_and_low_power_or_zero_units,Score=-10.17; power=0; expected=4510.0
S2,2025-10-08,power_kwh,0,5127.0,-5127.0,-10.49503527719728,downtime,score_and_low_power_or_zero_units,Score=-10.50; power=0; expected=5127.0
S2,2025-10-26,power_kwh,0,5154.0,-5154.0,-12.262170632600958,downtime,score_and_low_power_or_zero_units,Score=-12.26; power=0; expected=5154.0
S2,2025-11-09,power_kwh,0,5057.0,-5057.0,-12.313717583657553,downtime,score_and_low_power_or_zero_units,Score=-12.31; power=0; expected=5057.0
S2,2025-11-21,power_kwh,0,4922.0,-4922.0,-12.575164841453795,downtime,score_and_low_power_or_zero_units,Score=-12.58; power=0; expected=4922.0
S2,2025-12-02,power_kwh,0,5094.0,-5094.0,-11.646969250080597,downtime,score_and_low_power_or_zero_units,Score=-11.65; power=0; expected=5094.0
S2,2025-12-07,power_kwh,0,5286.0,-5286.0,-12.273177812713536,downtime,score_and_low_power_or_zero_units,Score=-12.27; power=0; expected=5286.0
S3,2025-01-24,power_kwh,0,3943.0,-3943.0,-16.11828524009827,downtime,score_and_low_power_or_zero_units,Score=-16.12; power=0; expected=3943.0
S3,2025-02-03,power_kwh,0,3655.0,-3655.0,-12.975072241510293,downtime,score_and_low_power_or_zero_units,Score=-12.98; power=0; expected=3655.0
S3,2025-02-19,power_kwh,0,3973.0,-3973.0,-11.427512952667431,downtime,score_and_low_power_or_zero_units,Score=-11.43; power=0; expected=3973.0
S3,2025-03-14,power_kwh,0,4257.0,-4257.0,-10.422167561132,downtime,score_and_low_power_or_zero_units,Score=-10.42; power=0; expected=4257.0
S3,2025-03-30,power_kwh,0,4197.0,-4197.0,-10.05626187397254,downtime,score_and_low_power_or_zero_units,Score=-10.06; power=0; expected=4197.0
S3,2025-03-31,power_kwh,0,4197.0,-4197.0,-9.483543442289012,downtime,score_and_low_power_or_zero_units,Score=-9.48; power=0; expected=4197.0
S3,2025-04-11,power_kwh,0,3926.0,-3926.0,-8.915995695976811,downtime,score_and_low_power_or_zero_units,Score=-8.92; power=0; expected=3926.0
S3,2025-04-22,power_kwh,0,3718.0,-3718.0,-8.95627372762136,downtime,score_and_low_power_or_zero_units,Score=-8.96; power=0; expected=3718.0
S3,2025-04-28,power_kwh,0,3363.0,-3363.0,-7.741680628395186,downtime,score_and_low_power_or_zero_units,Score=-7.74; power=0; expected=3363.0
S3,2025-05-04,power_kwh,0,3581.0,-3581.0,-7.716777666727436,downtime,score_and_low_power_or_zero_units,Score=-7.72; power=0; expected=3581.0
S3,2025-05-20,power_kwh,0,3606.0,-3606.0,-7.987565447200665,downtime,score_and_low_power_or_zero_units,Score=-7.99; power=0; expected=3606.0
S3,2025-06-02,power_kwh,0,4242.0,-4242.0,-10.461388671662585,downtime,score_and_low_power_or_zero_units,Score=-10.46; power=0; expected=4242.0
S3,2025-06-03,power_kwh,0,4222.0,-4222.0,-9.719112581946023,downtime,score_and_low_power_or_zero_units,Score=-9.72; power=0; expected=4222.0
S3,2025-06-07,power_kwh,0,3747.0,-3747.0,-8.299891217598693,downtime,score_and_low_power_or_zero_units,Score=-8.30; power=0; expected=3747.0
S3,2025-07-16,power_kwh,0,3811.0,-3811.0,-9.609287044356279,downtime,score_and_low_power_or_zero_units,Score=-9.61; power=0; expected=3811.0
S3,2025-08-15,power_kwh,0,4141.0,-4141.0,-12.01318810749497,downtime,score_and_low_power_or_zero_units,Score=-12.01; power=0; expected=4141.0
S3,2025-08-26,power_kwh,0,3899.0,-3899.0,-10.456618175742523,downtime,score_and_low_power_or_zero_units,Score=-10.46; power=0; expected=3899.0
S3,2025-08-27,power_kwh,0,3899.0,-3899.0,-10.456618175742523,downtime,score_and_low_power_or_zero_units,Score=-10.46; power=0; expected=3899.0
S3,2025-09-01,power_kwh,0,3826.0,-3826.0,-10.260841533826852,downtime,score_and_low_power_or_zero_units,Score=-10.26; power=0; expected=3826.0
S3,2025-10-08,power_kwh,0,4051.0,-4051.0,-14.611561853688167,downtime,score_and_low_power_or_zero_units,Score=-14.61; power=0; expected=4051.0
S3,2025-10-26,power_kwh,0,3766.0,-3766.0,-11.842108159388612,downtime,score_and_low_power_or_zero_units,Score=-11.84; power=0; expected=3766.0
S3,2025-11-09,power_kwh,0,4220.0,-4220.0,-12.348594381740703,downtime,score_and_low_power_or_zero_units,Score=-12.35; power=0; expected=4220.0
S3,2025-11-21,power_kwh,0,3734.0,-3734.0,-10.71722764206641,downtime,score_and_low_power_or_zero_units,Score=-10.72; power=0; expected=3734.0
S3,2025-12-02,power_kwh,0,3725.0,-3725.0,-7.913316784410448,downtime,score_and_low_power_or_zero_units,Score=-7.91; power=0; expected=3725.0
S3,2025-12-07,power_kwh,0,3825.0,-3825.0,-8.125754818891265,downtime,score_and_low_power_or_zero_units,Score=-8.13; power=0; expected=3825.0
S4,2025-01-24,power_kwh,0,4258.0,-4258.0,-7.83623916466942,downtime,score_and_low_power_or_zero_units,Score=-7.84; power=0; expected=4258.0
S4,2025-02-03,power_kwh,0,4477.0,-4477.0,-8.530212232137618,downtime,score_and_low_power_or_zero_units,Score=-8.53; power=0; expected=4477.0
S4,2025-02-19,power_kwh,0,5029.0,-5029.0,-9.581960535050275,downtime,score_and_low_power_or_zero_units,Score=-9.58; power=0; expected=5029.0
S4,2025-03-14,power_kwh,0,4431.0,-4431.0,-8.713319403034383,downtime,score_and_low_power_or_zero_units,Score=-8.71; power=0; expected=4431.0
S4,2025-03-30,power_kwh,0,5094.0,-5094.0,-12.381462806391985,downtime,score_and_low_power_or_zero_units,Score=-12.38; power=0; expected=5094.0
S4,2025-03-31,power_kwh,0,4979.0,-4979.0,-10.223103474684834,downtime,score_and_low_power_or_zero_units,Score=-10.22; power=0; expected=4979.0
S4,2025-04-11,power_kwh,0,4685.0,-4685.0,-10.429007287616662,downtime,score_and_low_power_or_zero_units,Score=-10.43; power=0; expected=4685.0
S4,2025-04-22,power_kwh,0,4451.0,-4451.0,-9.908113433763448,downtime,score_and_low_power_or_zero_units,Score=-9.91; power=0; expected=4451.0
S4,2025-04-28,power_kwh,0,4442.0,-4442.0,-9.888079054769095,downtime,score_and_low_power_or_zero_units,Score=-9.89; power=0; expected=4442.0
S4,2025-05-04,power_kwh,0,4664.0,-4664.0,-10.331116263378785,downtime,score_and_low_power_or_zero_units,Score=-10.33; power=0; expected=4664.0
S4,2025-05-20,power_kwh,0,4722.0,-4722.0,-10.45959069375528,downtime,score_and_low_power_or_zero_units,Score=-10.46; power=0; expected=4722.0
S4,2025-06-02,power_kwh,0,4653.0,-4653.0,-12.024542160324128,downtime,score_and_low_power_or_zero_units,Score=-12.02; power=0; expected=4653.0
S4,2025-06-03,power_kwh,0,4609.0,-4609.0,-11.283948858176505,downtime,score_and_low_power_or_zero_units,Score=-11.28; power=0; expected=4609.0
S4,2025-06-07,power_kwh,0,4118.0,-4118.0,-9.289474740885014,downtime,score_and_low_power_or_zero_units,Score=-9.29; power=0; expected=4118.0
S4,2025-07-16,power_kwh,0,4633.0,-4633.0,-7.326883209038841,downtime,score_and_low_power_or_zero_units,Score=-7.33; power=0; expected=4633.0
S4,2025-08-15,power_kwh,0,4296.0,-4296.0,-8.026626877317046,downtime,score_and_low_power_or_zero_units,Score=-8.03; power=0; expected=4296.0
S4,2025-08-26,power_kwh,0,4836.0,-4836.0,-8.342294917720753,downtime,score_and_low_power_or_zero_units,Score=-8.34; power=0; expected=4836.0
S4,2025-08-27,power_kwh,0,4652.0,-4652.0,-7.588224940955553,downtime,score_and_low_power_or_zero_units,Score=-7.59; power=0; expected=4652.0
S4,2025-09-01,power_kwh,0,4320.0,-4320.0,-7.046674923673256,downtime,score_and_low_power_or_zero_units,Score=-7.05; power=0; expected=4320.0
S4,2025-10-08,power_kwh,0,5079.0,-5079.0,-7.821320930095039,downtime,score_and_low_power_or_zero_units,Score=-7.82; power=0; expected=5079.0
S4,2025-10-26,power_kwh,0,4698.0,-4698.0,-9.660846304942208,downtime,score_and_low_power_or_zero_units,Score=-9.66; power=0; expected=4698.0
S4,2025-11-09,power_kwh,0,4883.0,-4883.0,-10.357038926176775,downtime,score_and_low_power_or_zero_units,Score=-10.36; power=0; expected=4883.0
S4,2025-11-21,power_kwh,0,4450.0,-4450.0,-9.776820454953905,downtime,score_and_low_power_or_zero_units,Score=-9.78; power=0; expected=4450.0
S4,2025-12-02,power_kwh,0,4783.0,-4783.0,-9.488497948754574,downtime,score_and_low_power_or_zero_units,Score=-9.49; power=0; expected=4783.0
S4,2025-12-07,power_kwh,0,4357.0,-4357.0,-8.408458480799787,downtime,score_and_low_power_or_zero_units,Score=-8.41; power=0; expected=4357.0
